what,kind,bundleId,bundleVersion,description,time
started,bundle,org.eclipse.e4.ui.css.swt,0.12.100.v20160517-1505,"org.eclipse.e4.ui.css.swt",1503619395710
started,bundle,org.eclipse.e4.ui.css.swt.theme,0.10.100.v20160523-0836,"org.eclipse.e4.ui.css.swt.theme",1503619395711
started,bundle,org.eclipse.e4.ui.di,1.1.100.v20160506-0759,"org.eclipse.e4.ui.di",1503619395711
started,bundle,org.eclipse.e4.ui.model.workbench,1.2.0.v20160229-1459,"org.eclipse.e4.ui.model.workbench",1503619395712
started,bundle,org.eclipse.e4.ui.services,1.2.100.v20160506-0759,"org.eclipse.e4.ui.services",1503619395712
started,bundle,org.eclipse.e4.ui.workbench,1.4.0.v20160517-1624,"org.eclipse.e4.ui.workbench",1503619395713
started,bundle,org.eclipse.e4.ui.workbench.addons.swt,1.2.101.v20170206-1129,"org.eclipse.e4.ui.workbench.addons.swt",1503619395714
started,bundle,org.eclipse.e4.ui.workbench.renderers.swt,0.14.1.v20170117-1415,"org.eclipse.e4.ui.workbench.renderers.swt",1503619395715
started,bundle,org.eclipse.e4.ui.workbench.swt,0.14.1.v20160829-0832,"org.eclipse.e4.ui.workbench.swt",1503619395715
started,bundle,org.eclipse.ecf,3.8.0.v20160823-2221,"org.eclipse.ecf",1503619395716
started,bundle,org.eclipse.ecf.filetransfer,5.0.0.v20160823-2221,"org.eclipse.ecf.filetransfer",1503619395716
started,bundle,org.eclipse.ecf.identity,3.7.0.v20160823-2221,"org.eclipse.ecf.identity",1503619395717
started,bundle,org.eclipse.ecf.provider.filetransfer,3.2.200.v20160823-2221,"org.eclipse.ecf.provider.filetransfer",1503619395718
started,bundle,org.eclipse.ecf.provider.filetransfer.httpclient4,1.1.100.v20160823-2221,"org.eclipse.ecf.provider.filetransfer.httpclient4",1503619395718
started,bundle,org.eclipse.egit.core,4.6.1.201703071140-r,"org.eclipse.egit.core",1503619395719
started,bundle,org.eclipse.egit.ui,4.6.1.201703071140-r,"org.eclipse.egit.ui",1503619395720
started,bundle,org.eclipse.emf.common,2.12.0.v20160420-0247,"org.eclipse.emf.common",1503619395720
started,bundle,org.eclipse.emf.common.ui,2.11.0.v20160526-0356,"org.eclipse.emf.common.ui",1503619395720
started,bundle,org.eclipse.emf.ecore,2.12.0.v20160420-0247,"org.eclipse.emf.ecore",1503619395720
started,bundle,org.eclipse.emf.ecore.xmi,2.12.0.v20160420-0247,"org.eclipse.emf.ecore.xmi",1503619395721
started,bundle,org.eclipse.emf.edit,2.12.0.v20160526-0356,"org.eclipse.emf.edit",1503619395721
started,bundle,org.eclipse.epp.logging.aeri.core,2.0.4.v20170307-1435,"org.eclipse.epp.logging.aeri.core",1503619395721
started,bundle,org.eclipse.equinox.app,1.3.400.v20150715-1528,"org.eclipse.equinox.app",1503619395722
started,bundle,org.eclipse.equinox.common,3.8.0.v20160509-1230,"org.eclipse.equinox.common",1503619395723
started,bundle,org.eclipse.equinox.console,1.1.200.v20150929-1405,"org.eclipse.equinox.console",1503619395723
started,bundle,org.eclipse.equinox.ds,1.4.400.v20160226-2036,"org.eclipse.equinox.ds",1503619395724
started,bundle,org.eclipse.equinox.event,1.3.200.v20160324-1850,"org.eclipse.equinox.event",1503619395725
started,bundle,org.eclipse.equinox.p2.artifact.repository,1.1.500.v20160419-0834,"org.eclipse.equinox.p2.artifact.repository",1503619395725
started,bundle,org.eclipse.equinox.p2.core,2.4.100.v20160419-0834,"org.eclipse.equinox.p2.core",1503619395726
started,bundle,org.eclipse.equinox.p2.directorywatcher,1.1.100.v20150423-1455,"org.eclipse.equinox.p2.directorywatcher",1503619395727
started,bundle,org.eclipse.equinox.p2.engine,2.4.100.v20160419-0834,"org.eclipse.equinox.p2.engine",1503619395727
started,bundle,org.eclipse.equinox.p2.metadata,2.3.100.v20160427-2220,"org.eclipse.equinox.p2.metadata",1503619395728
started,bundle,org.eclipse.equinox.p2.metadata.repository,1.2.300.v20160419-0834,"org.eclipse.equinox.p2.metadata.repository",1503619395729
started,bundle,org.eclipse.equinox.p2.operations,2.4.200.v20160504-1450,"org.eclipse.equinox.p2.operations",1503619395729
started,bundle,org.eclipse.equinox.p2.reconciler.dropins,1.1.400.v20160504-1450,"org.eclipse.equinox.p2.reconciler.dropins",1503619395730
started,bundle,org.eclipse.equinox.p2.repository,2.3.200.v20160421-0324,"org.eclipse.equinox.p2.repository",1503619395730
started,bundle,org.eclipse.equinox.p2.transport.ecf,1.1.201.v20161115-1927,"org.eclipse.equinox.p2.transport.ecf",1503619395731
started,bundle,org.eclipse.equinox.p2.ui,2.4.100.v20160419-0834,"org.eclipse.equinox.p2.ui",1503619395731
started,bundle,org.eclipse.equinox.p2.ui.sdk.scheduler,1.3.0.v20161124-1529,"org.eclipse.equinox.p2.ui.sdk.scheduler",1503619395732
started,bundle,org.eclipse.equinox.p2.updatechecker,1.1.300.v20161124-1529,"org.eclipse.equinox.p2.updatechecker",1503619395733
started,bundle,org.eclipse.equinox.preferences,3.6.1.v20160815-1406,"org.eclipse.equinox.preferences",1503619395734
started,bundle,org.eclipse.equinox.registry,3.6.100.v20160223-2218,"org.eclipse.equinox.registry",1503619395734
started,bundle,org.eclipse.equinox.security,1.2.200.v20150715-1528,"org.eclipse.equinox.security",1503619395735
started,bundle,org.eclipse.equinox.util,1.0.500.v20130404-1337,"org.eclipse.equinox.util",1503619395735
started,bundle,org.eclipse.help,3.7.0.v20160602-1307,"org.eclipse.help",1503619395736
started,bundle,org.eclipse.jdt.apt.core,3.4.100.v20160525-0952,"org.eclipse.jdt.apt.core",1503619395737
started,bundle,org.eclipse.jdt.apt.pluggable.core,1.1.100.v20160418-1457,"org.eclipse.jdt.apt.pluggable.core",1503619395738
started,bundle,org.eclipse.jdt.core,3.12.3.v20170228-1205,"org.eclipse.jdt.core",1503619395739
started,bundle,org.eclipse.jdt.core.manipulation,1.7.0.v20160419-0705,"org.eclipse.jdt.core.manipulation",1503619395739
started,bundle,org.eclipse.jdt.launching,3.8.101.v20161111-2014,"org.eclipse.jdt.launching",1503619395740
started,bundle,org.eclipse.jdt.ui,3.12.2.v20160929-0804,"org.eclipse.jdt.ui",1503619395740
started,bundle,org.eclipse.jgit,4.6.1.201703071140-r,"org.eclipse.jgit",1503619395740
started,bundle,org.eclipse.jsch.core,1.3.0.v20160422-1917,"org.eclipse.jsch.core",1503619395741
started,bundle,org.eclipse.ltk.core.refactoring,3.7.0.v20160419-0705,"org.eclipse.ltk.core.refactoring",1503619395741
started,bundle,org.eclipse.ltk.ui.refactoring,3.8.0.v20160518-1817,"org.eclipse.ltk.ui.refactoring",1503619395744
started,bundle,org.eclipse.m2e.logback.configuration,1.7.0.20160603-1933,"org.eclipse.m2e.logback.configuration",1503619395744
started,bundle,org.eclipse.mylyn.bugzilla.core,3.21.0.v20160909-1813,"org.eclipse.mylyn.bugzilla.core",1503619395745
started,bundle,org.eclipse.mylyn.bugzilla.ui,3.21.0.v20160909-1813,"org.eclipse.mylyn.bugzilla.ui",1503619395745
started,bundle,org.eclipse.mylyn.commons.core,3.21.0.v20160707-1856,"org.eclipse.mylyn.commons.core",1503619395745
started,bundle,org.eclipse.mylyn.commons.net,3.21.0.v20160630-1702,"org.eclipse.mylyn.commons.net",1503619395745
started,bundle,org.eclipse.mylyn.commons.notifications.core,1.13.0.v20160630-1702,"org.eclipse.mylyn.commons.notifications.core",1503619395746
started,bundle,org.eclipse.mylyn.commons.notifications.feed,1.13.0.v20160721-2347,"org.eclipse.mylyn.commons.notifications.feed",1503619395746
started,bundle,org.eclipse.mylyn.commons.notifications.ui,1.13.0.v20160630-1702,"org.eclipse.mylyn.commons.notifications.ui",1503619395747
started,bundle,org.eclipse.mylyn.commons.repositories.ui,1.13.0.v20160630-1702,"org.eclipse.mylyn.commons.repositories.ui",1503619395748
started,bundle,org.eclipse.mylyn.commons.ui,3.21.0.v20160630-1702,"org.eclipse.mylyn.commons.ui",1503619395748
started,bundle,org.eclipse.mylyn.commons.workbench,3.21.0.v20160630-1702,"org.eclipse.mylyn.commons.workbench",1503619395749
started,bundle,org.eclipse.mylyn.context.core,3.21.0.v20160701-1337,"org.eclipse.mylyn.context.core",1503619395749
started,bundle,org.eclipse.mylyn.context.tasks.ui,3.21.0.v20160815-2336,"org.eclipse.mylyn.context.tasks.ui",1503619395749
started,bundle,org.eclipse.mylyn.monitor.ui,3.21.0.v20160630-1702,"org.eclipse.mylyn.monitor.ui",1503619395750
started,bundle,org.eclipse.mylyn.tasks.index.core,3.21.0.v20160630-2019,"org.eclipse.mylyn.tasks.index.core",1503619395750
started,bundle,org.eclipse.mylyn.tasks.ui,3.21.0.v20160913-2131,"org.eclipse.mylyn.tasks.ui",1503619395752
started,bundle,org.eclipse.mylyn.team.ui,3.21.0.v20160701-1337,"org.eclipse.mylyn.team.ui",1503619395752
started,bundle,org.eclipse.oomph.base,1.7.0.v20170201-1645,"org.eclipse.oomph.base",1503619395754
started,bundle,org.eclipse.oomph.base.edit,1.7.0.v20170104-1401,"org.eclipse.oomph.base.edit",1503619395755
started,bundle,org.eclipse.oomph.jreinfo.ui,1.7.0.v20161220-1444,"org.eclipse.oomph.jreinfo.ui",1503619395755
started,bundle,org.eclipse.oomph.p2,1.7.0.v20170104-1401,"org.eclipse.oomph.p2",1503619395755
started,bundle,org.eclipse.oomph.p2.core,1.7.0.v20170228-1751,"org.eclipse.oomph.p2.core",1503619395756
started,bundle,org.eclipse.oomph.p2.edit,1.7.0.v20170104-1401,"org.eclipse.oomph.p2.edit",1503619395757
started,bundle,org.eclipse.oomph.p2.ui,1.7.0.v20161231-0937,"org.eclipse.oomph.p2.ui",1503619395757
started,bundle,org.eclipse.oomph.predicates,1.7.0.v20170104-1401,"org.eclipse.oomph.predicates",1503619395758
started,bundle,org.eclipse.oomph.predicates.edit,1.7.0.v20170104-1401,"org.eclipse.oomph.predicates.edit",1503619395759
started,bundle,org.eclipse.oomph.preferences,1.7.0.v20170104-1401,"org.eclipse.oomph.preferences",1503619395759
started,bundle,org.eclipse.oomph.resources,1.7.0.v20170217-1028,"org.eclipse.oomph.resources",1503619395760
started,bundle,org.eclipse.oomph.setup,1.7.0.v20170224-1311,"org.eclipse.oomph.setup",1503619395760
started,bundle,org.eclipse.oomph.setup.core,1.7.0.v20170301-0747,"org.eclipse.oomph.setup.core",1503619395760
started,bundle,org.eclipse.oomph.setup.edit,1.7.0.v20170104-1401,"org.eclipse.oomph.setup.edit",1503619395761
started,bundle,org.eclipse.oomph.setup.p2,1.7.0.v20170217-1051,"org.eclipse.oomph.setup.p2",1503619395761
started,bundle,org.eclipse.oomph.setup.p2.edit,1.7.0.v20161230-1057,"org.eclipse.oomph.setup.p2.edit",1503619395763
started,bundle,org.eclipse.oomph.setup.sync,1.7.0.v20170201-1631,"org.eclipse.oomph.setup.sync",1503619395763
started,bundle,org.eclipse.oomph.setup.ui,1.7.0.v20170305-1123,"org.eclipse.oomph.setup.ui",1503619395764
started,bundle,org.eclipse.oomph.ui,1.7.0.v20170222-1350,"org.eclipse.oomph.ui",1503619395765
started,bundle,org.eclipse.oomph.util,1.7.0.v20170303-0927,"org.eclipse.oomph.util",1503619395766
started,bundle,org.eclipse.oomph.workingsets,1.7.0.v20170104-1401,"org.eclipse.oomph.workingsets",1503619395766
started,bundle,org.eclipse.oomph.workingsets.editor,1.7.0.v20161230-1057,"org.eclipse.oomph.workingsets.editor",1503619395767
started,bundle,org.eclipse.pde.core,3.11.1.v20161115-1951,"org.eclipse.pde.core",1503619395768
started,bundle,org.eclipse.pde.ds.annotations,1.0.0.v20160525-1437,"org.eclipse.pde.ds.annotations",1503619395769
started,bundle,org.eclipse.pde.launching,3.6.401.v20161115-0549,"org.eclipse.pde.launching",1503619395769
started,bundle,org.eclipse.pde.ui,3.9.100.v20161102-0517,"org.eclipse.pde.ui",1503619395772
started,bundle,org.eclipse.rse.core,3.3.100.201603151753,"org.eclipse.rse.core",1503619395772
started,bundle,org.eclipse.rse.services,3.3.0.201506120731,"org.eclipse.rse.services",1503619395772
started,bundle,org.eclipse.rse.ui,3.3.300.201610252046,"org.eclipse.rse.ui",1503619395773
started,bundle,org.eclipse.search,3.11.1.v20161113-1700,"org.eclipse.search",1503619395781
started,bundle,org.eclipse.team.core,3.8.0.v20160418-1534,"org.eclipse.team.core",1503619395783
started,bundle,org.eclipse.team.ui,3.8.0.v20160518-1906,"org.eclipse.team.ui",1503619395784
started,bundle,org.eclipse.tm.terminal.view.ui,4.2.0.201609191434,"org.eclipse.tm.terminal.view.ui",1503619395785
started,bundle,org.eclipse.ui,3.108.1.v20160929-1045,"org.eclipse.ui",1503619395786
started,bundle,org.eclipse.ui.console,3.6.201.v20161107-0337,"org.eclipse.ui.console",1503619395787
started,bundle,org.eclipse.ui.editors,3.10.1.v20161106-1856,"org.eclipse.ui.editors",1503619395787
started,bundle,org.eclipse.ui.ide,3.12.3.v20170119-0935,"org.eclipse.ui.ide",1503619395789
started,bundle,org.eclipse.ui.ide.application,1.1.101.v20160829-0827,"org.eclipse.ui.ide.application",1503619395790
started,bundle,org.eclipse.ui.monitoring,1.1.2.v20170203-1115,"org.eclipse.ui.monitoring",1503619395790
started,bundle,org.eclipse.ui.net,1.3.0.v20160426-1633,"org.eclipse.ui.net",1503619395791
started,bundle,org.eclipse.ui.themes,1.1.300.v20161107-1827,"org.eclipse.ui.themes",1503619395791
started,bundle,org.eclipse.ui.trace,1.0.400.v20160509-1055,"org.eclipse.ui.trace",1503619395792
started,bundle,org.eclipse.ui.views.log,1.2.1.v20160829-0826,"org.eclipse.ui.views.log",1503619395792
started,bundle,org.eclipse.ui.workbench,3.108.3.v20170216-1539,"org.eclipse.ui.workbench",1503619395794
started,bundle,org.eclipse.ui.workbench.texteditor,3.10.1.v20160818-1626,"org.eclipse.ui.workbench.texteditor",1503619395795
started,bundle,org.eclipse.update.configurator,3.3.400.v20160506-0750,"org.eclipse.update.configurator",1503619395796
started,bundle,org.eclipse.userstorage,1.0.1.v20170201-1648,"org.eclipse.userstorage",1503619395797
started,bundle,org.eclipse.userstorage.ui,1.0.1.v20170201-1648,"org.eclipse.userstorage.ui",1503619395797
started,bundle,org.eclipse.wst.common.project.facet.core,1.4.300.v201111030423,"org.eclipse.wst.common.project.facet.core",1503619395797
started,bundle,org.eclipse.wst.sse.ui,1.3.500.v201605120129,"org.eclipse.wst.sse.ui",1503619395798
started,bundle,org.eclipse.wst.web,1.1.800.v201312041437,"org.eclipse.wst.web",1503619395799
started,bundle,org.eclipse.ecf.provider.filetransfer.httpclient,4.0.0.v20100906-1425,"org.eclipse.ecf.provider.filetransfer.httpclient",1503619395800
started,bundle,org.eclipse.epp.usagedata.gathering,1.3.1.R201102081640,"org.eclipse.epp.usagedata.gathering",1503619395800
started,bundle,org.eclipse.epp.usagedata.recording,1.3.1.R201102081640,"org.eclipse.epp.usagedata.recording",1503619395801
started,bundle,org.eclipse.equinox.event,1.2.0.v20100503,"org.eclipse.equinox.event",1503619395801
started,bundle,org.eclipse.team.cvs.core,3.3.301.R36x_v20110119-0815,"org.eclipse.team.cvs.core",1503619395802
started,bundle,org.eclipse.team.cvs.ui,3.3.302.R36x_v20110203-1036,"org.eclipse.team.cvs.ui",1503619395803
started,bundle,org.eclipse.update.core,3.2.402.R36x_v20100629,"org.eclipse.update.core",1503619395804
started,bundle,org.eclipse.update.scheduler,3.2.300.v20100512,"org.eclipse.update.scheduler",1503619395805
os,sysinfo,,,"win32",1503619395810
arch,sysinfo,,,"x86_64",1503619395810
ws,sysinfo,,,"win32",1503619395810
locale,sysinfo,,,"pt_BR",1503619395810
processors,sysinfo,,,"4",1503619395810
java.runtime.name,sysinfo,,,"Java(TM) SE Runtime Environment",1503619395810
java.runtime.version,sysinfo,,,"1.8.0_102-b14",1503619395810
java.specification.name,sysinfo,,,"Java Platform API Specification",1503619395810
java.specification.vendor,sysinfo,,,"Oracle Corporation",1503619395810
java.specification.version,sysinfo,,,"1.8",1503619395810
java.vendor,sysinfo,,,"Oracle Corporation",1503619395810
java.version,sysinfo,,,"1.8.0_102",1503619395810
java.vm.info,sysinfo,,,"mixed mode",1503619395810
java.vm.name,sysinfo,,,"Java HotSpot(TM) 64-Bit Server VM",1503619395810
java.vm.specification.name,sysinfo,,,"Java Virtual Machine Specification",1503619395810
java.vm.specification.vendor,sysinfo,,,"Oracle Corporation",1503619395810
java.vm.specification.version,sysinfo,,,"1.8",1503619395810
java.vm.vendor,sysinfo,,,"Oracle Corporation",1503619395810
java.vm.version,sysinfo,,,"25.102-b14",1503619395810
started,bundle,org.eclipse.rse.subsystems.files.core,3.3.1.201403100950,"org.eclipse.rse.subsystems.files.core",1503619395860
started,bundle,org.eclipse.rse.subsystems.files.local,2.1.300.201403251512,"org.eclipse.rse.subsystems.files.local",1503619395864
started,bundle,org.eclipse.rse.subsystems.shells.core,3.1.300.201403271554,"org.eclipse.rse.subsystems.shells.core",1503619395962
started,bundle,org.eclipse.rse.subsystems.shells.local,2.1.400.201403100950,"org.eclipse.rse.subsystems.shells.local",1503619395963
started,bundle,org.eclipse.rse.connectorservice.local,2.1.400.201403100950,"org.eclipse.rse.connectorservice.local",1503619395967
started,bundle,org.eclipse.rse.services.local,2.2.1.201507180454,"org.eclipse.rse.services.local",1503619395982
started,bundle,org.eclipse.rse.files.ui,3.2.200.201507172213,"org.eclipse.rse.files.ui",1503619396045
deactivated,workbench,org.eclipse.ui.workbench,3.108.3.v20170216-1539,"",1503619616365
started,bundle,org.eclipse.equinox.p2.garbagecollector,1.0.300.v20160504-1450,"org.eclipse.equinox.p2.garbagecollector",1503619668353
activated,workbench,org.eclipse.ui.workbench,3.108.3.v20170216-1539,"",1503619675117
activated,view,org.eclipse.jdt.ui,3.12.2.v20160929-0804,"org.eclipse.jdt.ui.PackageExplorer",1503619680525
started,bundle,org.eclipse.jpt.common.utility,2.4.0.v201603181811,"org.eclipse.jpt.common.utility",1503619688461
started,bundle,org.eclipse.jpt.common.core,1.5.0.v201603181811,"org.eclipse.jpt.common.core",1503619688466
started,bundle,org.eclipse.jpt.jpa.core,3.5.0.v201603181811,"org.eclipse.jpt.jpa.core",1503619688470
started,bundle,org.eclipse.jst.common.project.facet.core,1.4.500.v201508121553,"org.eclipse.jst.common.project.facet.core",1503619688641
started,bundle,org.eclipse.jst.ws.jaxrs.core,1.0.700.v201701262139,"org.eclipse.jst.ws.jaxrs.core",1503619688665
started,bundle,org.eclipse.jpt.jpa.db,2.2.200.v201603180253,"org.eclipse.jpt.jpa.db",1503619688778
started,bundle,org.eclipse.datatools.connectivity,1.13.0.201603142002,"org.eclipse.datatools.connectivity",1503619688790
started,bundle,org.eclipse.cft.server.ui,1.0.108.v201703012110,"org.eclipse.cft.server.ui",1503619689139
started,bundle,org.eclipse.cft.server.standalone.ui,1.0.4.v201703012110,"org.eclipse.cft.server.standalone.ui",1503619689140
started,bundle,org.eclipse.wst.jsdt.chromium.debug.ui,0.6.200.v201701261810,"org.eclipse.wst.jsdt.chromium.debug.ui",1503619689398
started,bundle,org.eclipse.tm.terminal.connector.local,4.2.0.201609191434,"org.eclipse.tm.terminal.connector.local",1503619689497
started,bundle,org.eclipse.tm.terminal.control,4.2.0.201609191434,"org.eclipse.tm.terminal.control",1503619689500
deactivated,workbench,org.eclipse.ui.workbench,3.108.3.v20170216-1539,"",1503619693704
started,bundle,org.eclipse.wst.server.core,1.9.0.v201610211907,"org.eclipse.wst.server.core",1503619693934
started,bundle,org.eclipse.wst.server.ui,1.5.307.v201611072017,"org.eclipse.wst.server.ui",1503619693996
started,bundle,org.eclipse.wst.common.core,1.2.0.v200908251833,"org.eclipse.wst.common.core",1503619710384
started,bundle,org.eclipse.jem.util,2.1.200.v201404021757,"org.eclipse.jem.util",1503619710386
started,bundle,org.eclipse.wst.common.emf,1.2.500.v201701191735,"org.eclipse.wst.common.emf",1503619710411
started,bundle,org.eclipse.jst.j2ee.core,1.3.200.v201505041449,"org.eclipse.jst.j2ee.core",1503619710414
activated,workbench,org.eclipse.ui.workbench,3.108.3.v20170216-1539,"",1503619710521
opened,editor,org.eclipse.jdt.ui,3.12.2.v20160929-0804,"org.eclipse.jdt.ui.CompilationUnitEditor",1503619710790
started,bundle,org.eclipse.wst.common.frameworks,1.2.200.v201304241450,"org.eclipse.wst.common.frameworks",1503619710931
started,bundle,org.eclipse.wst.common.emfworkbench.integration,1.2.101.v201107081800,"org.eclipse.wst.common.emfworkbench.integration",1503619710941
started,bundle,org.eclipse.wst.common.modulecore,1.2.500.v201701032135,"org.eclipse.wst.common.modulecore",1503619710989
activated,editor,org.eclipse.jdt.ui,3.12.2.v20160929-0804,"org.eclipse.jdt.ui.CompilationUnitEditor",1503619711002
started,bundle,org.eclipse.cft.server.standalone.core,1.0.4.v201703012110,"org.eclipse.cft.server.standalone.core",1503619711241
started,bundle,org.eclipse.cft.server.core,1.2.1.v201703012110,"org.eclipse.cft.server.core",1503619712438
started,bundle,org.eclipse.jdt.junit,3.9.0.v20160421-1701,"org.eclipse.jdt.junit",1503619747957
started,bundle,org.eclipse.pde.api.tools,1.1.2.v20161115-0549,"org.eclipse.pde.api.tools",1503619748059
started,bundle,org.eclipse.pde.api.tools.ui,1.1.0.v20160519-0701,"org.eclipse.pde.api.tools.ui",1503619748079
closed,editor,org.eclipse.jdt.ui,3.12.2.v20160929-0804,"org.eclipse.jdt.ui.CompilationUnitEditor",1503619760386
activated,view,org.eclipse.jdt.ui,3.12.2.v20160929-0804,"org.eclipse.jdt.ui.PackageExplorer",1503619773965
started,bundle,org.eclipse.jpt.jaxb.core,1.4.100.v201603180253,"org.eclipse.jpt.jaxb.core",1503619774064
deactivated,workbench,org.eclipse.ui.workbench,3.108.3.v20170216-1539,"",1503619777127
activated,workbench,org.eclipse.ui.workbench,3.108.3.v20170216-1539,"",1503619780279
opened,editor,org.eclipse.jdt.ui,3.12.2.v20160929-0804,"org.eclipse.jdt.ui.CompilationUnitEditor",1503619780522
activated,editor,org.eclipse.jdt.ui,3.12.2.v20160929-0804,"org.eclipse.jdt.ui.CompilationUnitEditor",1503619780705
deactivated,workbench,org.eclipse.ui.workbench,3.108.3.v20170216-1539,"",1503619817673
activated,workbench,org.eclipse.ui.workbench,3.108.3.v20170216-1539,"",1503619820338
executed,command,org.eclipse.jdt.ui,3.12.2.v20160929-0804,"org.eclipse.jdt.ui.edit.text.java.create.getter.setter",1503619820525
activated,view,org.eclipse.jdt.ui,3.12.2.v20160929-0804,"org.eclipse.jdt.ui.PackageExplorer",1503619851906
deactivated,workbench,org.eclipse.ui.workbench,3.108.3.v20170216-1539,"",1503619855049
activated,workbench,org.eclipse.ui.workbench,3.108.3.v20170216-1539,"",1503619866596
opened,editor,org.eclipse.jdt.ui,3.12.2.v20160929-0804,"org.eclipse.jdt.ui.CompilationUnitEditor",1503619866831
activated,editor,org.eclipse.jdt.ui,3.12.2.v20160929-0804,"org.eclipse.jdt.ui.CompilationUnitEditor",1503619866963
activated,editor,org.eclipse.jdt.ui,3.12.2.v20160929-0804,"org.eclipse.jdt.ui.CompilationUnitEditor",1503619868283
activated,editor,org.eclipse.jdt.ui,3.12.2.v20160929-0804,"org.eclipse.jdt.ui.CompilationUnitEditor",1503619869066
activated,editor,org.eclipse.jdt.ui,3.12.2.v20160929-0804,"org.eclipse.jdt.ui.CompilationUnitEditor",1503619896102
started,bundle,org.eclipse.recommenders.injection,2.4.6.v20170307-1041,"org.eclipse.recommenders.injection",1503619911870
started,bundle,org.eclipse.recommenders.apidocs.rcp,2.4.6.v20170307-1041,"org.eclipse.recommenders.apidocs.rcp",1503619911915
started,bundle,org.eclipse.recommenders.chain.rcp,2.4.6.v20170307-1041,"org.eclipse.recommenders.chain.rcp",1503619911932
started,bundle,org.eclipse.recommenders.completion.rcp,2.4.6.v20170307-1041,"org.eclipse.recommenders.completion.rcp",1503619911940
started,bundle,org.eclipse.recommenders.coordinates.rcp,2.4.6.v20170307-1041,"org.eclipse.recommenders.coordinates.rcp",1503619912321
started,bundle,org.eclipse.recommenders.coordinates,2.4.6.v20170307-1041,"org.eclipse.recommenders.coordinates",1503619912328
started,bundle,org.eclipse.recommenders.rcp,2.4.6.v20170307-1041,"org.eclipse.recommenders.rcp",1503619912663
started,bundle,org.eclipse.recommenders.models,2.4.6.v20170307-1041,"org.eclipse.recommenders.models",1503619913682
started,bundle,org.eclipse.mylyn.java.ui,3.21.0.v20160701-1337,"org.eclipse.mylyn.java.ui",1503619915592
started,bundle,org.eclipse.jst.ws.jaxws.ui,1.0.401.v201504291921,"org.eclipse.jst.ws.jaxws.ui",1503619915639
started,bundle,org.eclipse.recommenders.utils.rcp,2.4.6.v20170307-1041,"org.eclipse.recommenders.utils.rcp",1503619916503
deactivated,workbench,org.eclipse.ui.workbench,3.108.3.v20170216-1539,"",1503619919403
activated,workbench,org.eclipse.ui.workbench,3.108.3.v20170216-1539,"",1503619922317
activated,editor,org.eclipse.jdt.ui,3.12.2.v20160929-0804,"org.eclipse.jdt.ui.CompilationUnitEditor",1503619958884
activated,editor,org.eclipse.jdt.ui,3.12.2.v20160929-0804,"org.eclipse.jdt.ui.CompilationUnitEditor",1503619961711
activated,editor,org.eclipse.jdt.ui,3.12.2.v20160929-0804,"org.eclipse.jdt.ui.CompilationUnitEditor",1503619965182
executed,command,org.eclipse.ui,3.108.1.v20160929-1045,"org.eclipse.ui.file.save",1503619967505
activated,editor,org.eclipse.jdt.ui,3.12.2.v20160929-0804,"org.eclipse.jdt.ui.CompilationUnitEditor",1503619968445
executed,command,org.eclipse.ui,3.108.1.v20160929-1045,"org.eclipse.ui.file.save",1503619970159
activated,editor,org.eclipse.jdt.ui,3.12.2.v20160929-0804,"org.eclipse.jdt.ui.CompilationUnitEditor",1503619971321
executed,command,org.eclipse.ui,3.108.1.v20160929-1045,"org.eclipse.ui.file.save",1503619972739
activated,view,org.eclipse.jdt.ui,3.12.2.v20160929-0804,"org.eclipse.jdt.ui.PackageExplorer",1503620012318
started,bundle,org.eclipse.mylyn.context.ui,3.21.0.v20160701-1337,"org.eclipse.mylyn.context.ui",1503620012387
deactivated,workbench,org.eclipse.ui.workbench,3.108.3.v20170216-1539,"",1503620016632
activated,workbench,org.eclipse.ui.workbench,3.108.3.v20170216-1539,"",1503620021030
opened,editor,org.eclipse.jdt.ui,3.12.2.v20160929-0804,"org.eclipse.jdt.ui.CompilationUnitEditor",1503620021230
activated,editor,org.eclipse.jdt.ui,3.12.2.v20160929-0804,"org.eclipse.jdt.ui.CompilationUnitEditor",1503620021351
activated,editor,org.eclipse.jdt.ui,3.12.2.v20160929-0804,"org.eclipse.jdt.ui.CompilationUnitEditor",1503620023574
activated,editor,org.eclipse.jdt.ui,3.12.2.v20160929-0804,"org.eclipse.jdt.ui.CompilationUnitEditor",1503620025741
activated,editor,org.eclipse.jdt.ui,3.12.2.v20160929-0804,"org.eclipse.jdt.ui.CompilationUnitEditor",1503620027242
activated,editor,org.eclipse.jdt.ui,3.12.2.v20160929-0804,"org.eclipse.jdt.ui.CompilationUnitEditor",1503620027921
activated,editor,org.eclipse.jdt.ui,3.12.2.v20160929-0804,"org.eclipse.jdt.ui.CompilationUnitEditor",1503620028443
deactivated,workbench,org.eclipse.ui.workbench,3.108.3.v20170216-1539,"",1503620087200
activated,workbench,org.eclipse.ui.workbench,3.108.3.v20170216-1539,"",1503620096885
executed,command,org.eclipse.jdt.ui,3.12.2.v20160929-0804,"org.eclipse.jdt.ui.edit.text.java.create.getter.setter",1503620097017
executed,command,org.eclipse.ui,3.108.1.v20160929-1045,"org.eclipse.ui.file.save",1503620111914
executed,command,org.eclipse.ui,3.108.1.v20160929-1045,"org.eclipse.ui.file.save",1503620220876
deactivated,workbench,org.eclipse.ui.workbench,3.108.3.v20170216-1539,"",1503620553140
activated,workbench,org.eclipse.ui.workbench,3.108.3.v20170216-1539,"",1503620555474
activated,editor,org.eclipse.jdt.ui,3.12.2.v20160929-0804,"org.eclipse.jdt.ui.CompilationUnitEditor",1503620561514
executed,command,org.eclipse.ui,3.108.1.v20160929-1045,"org.eclipse.ui.file.save",1503620625277
